1,1,24,2025-04-04
2,1,27,2025-04-12
3,2,75,2025-05-12
4,2,60,2025-04-23
5,3,43,2025-04-07
6,3,11,2025-03-30
7,4,76,2025-05-09
8,4,79,2025-03-15
9,5,36,2025-04-15
10,5,76,2025-04-08
11,6,69,2025-04-04
12,6,82,2025-04-22
13,7,22,2025-03-27
14,7,75,2025-04-04
15,8,14,2025-04-28
16,8,84,2025-05-09
17,9,73,2025-04-30
18,9,64,2025-04-21
19,10,47,2025-05-02
20,10,20,2025-03-20
21,11,77,2025-05-08
22,11,15,2025-04-22
23,12,52,2025-04-25
24,12,38,2025-03-31
25,13,77,2025-04-21
26,13,33,2025-03-24
27,14,30,2025-04-12
28,14,64,2025-03-23
29,15,81,2025-03-19
30,15,49,2025-05-08
31,16,67,2025-03-30
32,16,38,2025-04-19
33,17,36,2025-03-30
34,17,29,2025-04-27
35,18,89,2025-04-17
36,18,42,2025-05-12
37,19,19,2025-05-09
38,19,89,2025-04-29
39,20,84,2025-04-24
40,20,87,2025-03-30
41,21,27,2025-04-26
42,21,79,2025-04-09
43,22,74,2025-03-15
44,22,22,2025-05-04
45,23,63,2025-04-27
46,23,67,2025-03-30
47,24,95,2025-04-08
48,24,86,2025-03-15
49,25,19,2025-05-14
50,25,38,2025-04-15
51,26,48,2025-04-30
52,26,51,2025-05-03
53,27,10,2025-03-20
54,27,91,2025-05-04
55,28,85,2025-05-13
56,28,90,2025-03-25
57,29,47,2025-03-29
58,29,57,2025-03-20
59,30,22,2025-04-20
60,30,37,2025-05-07
61,31,43,2025-05-01
62,31,64,2025-04-29
63,32,99,2025-05-12
64,32,62,2025-03-23
65,33,26,2025-04-17
66,33,54,2025-04-29
67,34,13,2025-04-07
68,34,39,2025-04-19
69,35,32,2025-04-05
70,35,72,2025-04-15
71,36,17,2025-03-26
72,36,100,2025-04-29
73,37,81,2025-03-25
74,37,46,2025-03-28
75,38,31,2025-03-31
76,38,51,2025-04-19
77,39,56,2025-04-08
78,39,12,2025-04-19
79,40,13,2025-05-07
80,40,78,2025-03-28
81,41,32,2025-04-03
82,41,17,2025-04-07
83,42,52,2025-05-02
84,42,28,2025-04-13
85,43,50,2025-04-30
86,43,25,2025-04-27
87,44,30,2025-04-19
88,44,74,2025-04-03
89,45,57,2025-04-05
90,45,50,2025-04-22
91,46,65,2025-04-23
92,46,41,2025-03-27
93,47,52,2025-05-10
94,47,69,2025-04-30
95,48,56,2025-04-08
96,48,15,2025-03-29
97,49,57,2025-04-02
98,49,92,2025-04-16
99,50,86,2025-04-13
100,50,47,2025-03-29